<?xml version="1.0" encoding="UTF-8"?> 
<?xml-stylesheet type="text/css" href="a.css"?> 
<books> 
    <book> 
        <title> Immortals of meluha</title> 
        <author>Amish Tripathi</author>  
        <price>299</price> 
    </book> 
    <book> 
        <title id="first"> Internet </title> 
        <author>raman</author> 
        <price> 400</price> 
    </book> 
    <book> 
        <title> Computer Networks</title> 
        <author> joshi</author>  
        <price> 500</price> 
    </book> 
    <book> 
        <title>Playing Dead</title> 
        <author>Harlan coben</author>  
        <price>499</price> 
    </book> 	
</books> 

